class_id,class_name,gt_count,pred_count,tp,fp,fn,precision,recall,f1
1,red_light,22,22,19,3,3,0.8636363636363636,0.8636363636363636,0.8636363636363636
2,yellow_light,12,8,8,0,4,1.0,0.6666666666666666,0.8
3,green_light,25,24,19,5,6,0.7916666666666666,0.76,0.7755102040816326
4,pedestrian_sign,8,8,8,0,0,1.0,1.0,1.0
5,background_distractor,20,10,10,0,10,1.0,0.5,0.6666666666666666
