rank,model_run_id,model_run_name,ap,ap50,ap75,ap_small,ap_medium,ap_large,precision,recall,f1,tp,fp,fn,images_with_errors,small_recall,medium_recall,large_recall,score
1,showcase-c,Model C — High Precision,0.612,0.822,0.648,0.189,0.631,0.792,1.0,0.8045977011494253,0.8917197452229298,70,0,17,10,0.47619047619047616,0.9642857142857143,0.868421052631579,0.8917197452229298
2,showcase-a,Model A — Baseline,0.524,0.741,0.558,0.276,0.551,0.712,0.8888888888888888,0.735632183908046,0.8050314465408804,64,8,23,18,0.5238095238095238,0.7857142857142857,0.8157894736842105,0.8050314465408804
3,showcase-b,Model B — High Recall,0.471,0.695,0.492,0.312,0.518,0.662,0.6792452830188679,0.8275862068965517,0.7461139896373057,72,34,15,21,0.9523809523809523,0.6785714285714286,0.868421052631579,0.7461139896373057
